/* Import roles */
INSERT INTO `role` (id, role_name) VALUES (3,'ROLE_CONTENT_MANAGER'),(4,'ROLE_EMPLOYEE'),(5,'ROLE_MEDIA_EDITOR'),(6,'ROLE_CONTRIBUTOR'),(101,'ROLE_ADMIN'),(102,'ROLE_CUSTOMER'),(103,'ROLE_MANAGER');

/* Import users */
INSERT INTO `user` (id, first_name, last_name, email, password, fk_user_role, money, credit_card, partner_code, referrer_user_id) VALUES (65,'q','q','q@q.com','1000:e6f0036166e6a85a3f955bf5ee5d156a:d80305d968626fc9a8165df073c71e4183bc934da567ef2bf14501214193413f4d90c5e1c2fcfaf656239722e2dc156b08d1327d6e791b109f7ab4c05f4a5d1c',102,0.00,NULL,'SMDN29',NULL),(66,'w','w','w@w.com','1000:1375ca2e772b48601f04b9b8a33a9e23:4870d01830ebae574b9db07b37b726f51cc9a3397b7d8fcf7620b268ab178ec3089b5d1ad16883c3683a72a191aaa99da25bfb771e297b8ef884cf90f21bbcf2',102,0.00,NULL,'2704P0',NULL),(67,'Manager','Manager','m@m.com','1000:a3cb87b0db84316e8307d8c8d9bb26e2:a0a7a0a4611629afcd1a04a9ee77c8bbed1e4ae2cb210613837eaa7ba4ab982eba9f4e9a3bf8b9d11684e1b5a37c46e375900869d2fc5fd5946b411ace5227e8',103,0.00,NULL,'LPGQK3',NULL);

/* Import categories */
INSERT INTO `category` (id, category_name, img_name) VALUES (1,'Laptop','laptop2.png'),(2,'Phone','iphone.png'),(3,'TV','qledtv.png'),(4,'Chair','4.png'),(5,'Bed','5.png'),(6,'Sofa','6.png'),(8,'Camera','nikon.png');

/* Import products */
INSERT INTO `product` (id, guid, product_name, description, price, category_id, img_name) VALUES (1,'f5be91d2732a47508c5b28443d880fa9','HP Laptop 1','This is a good laptop',1500.56,1,'hp.png'),(2,'a3d14989445a4834ae4e329a24ca2db3','Apple iPhone',NULL,2000.99,2,'iphone.jpg'),(3,'a1e1a58df59d44e3b2fbc1d4aba030b7','Samsung Galaxy S21',NULL,1100.10,2,'samsung-galaxy.jpg'),(4,'6cf198bbe8b44805b86b354830df0c2e','Asus Zenbook',NULL,1857.28,1,'asus-zenbook.jpg'),(6,'c0907ed8fedf465786a7f3620b02fba6','Samsung QLED TV',NULL,2519.78,3,'qled.jpg'),(8,'9d9120ab547b4baba7bf1122aa2f1c25','Laptop Dell',NULL,30.00,1,'dell.jpg'),(9,'7194b5cbef2e48eab2e1132187cad758','Chair 1',NULL,39.00,4,'chair.jpg'),(10,'0ecca07f1795440494244f49ac088a49','Chair 2',NULL,49.00,4,'chair.jpg'),(11,'f479923e395843d0ab00cbad5e924ed2','Chair 3',NULL,59.00,4,'chair.jpg'),(12,'496a85967e3a4486a5d33e8b74b20670','Sofa 1',NULL,487.00,6,'sofa.jpg'),(13,'9e702a2f4a6944f68cbb67cf24bd2951','Sofa 2',NULL,557.00,6,'sofa.jpg'),(14,'0c7563c33eb748669b48e99da84207c7','Sofa 3',NULL,673.00,6,'sofa.jpg'),(15,'74f7a23c7fdf4ed4af2dedae7523ac38','Bed 1',NULL,488.00,5,'bed.jpg'),(16,'d5d046ac021d4d8987516771520dd1ec','Bed 2',NULL,599.00,5,'bed.jpg'),(17,'6de34c4df675418796640f7a79ec6663','Bed 3',NULL,732.00,5,'bed.jpg'),(18,'26192070f3c148dc842455405dd39a75','Camera 1',NULL,1100.00,8,'camera.jpg'),(19,'4762889e5ee244458e2fc6d01b1405e0','Camera 2',NULL,1800.00,8,'camera.jpg'),(20,'6ca8dd95586546ff9e2235ae37efaf9a','Camera 3',NULL,2800.00,8,'camera.jpg'),(21,'501c78a5c3214337baf9a067065a9df5','HP Laptop 2','This is a good laptop',1899.99,1,'hp.png'),(22,'3484c108c97747689efe4bd617a09259','HP Laptop 3','This is a good laptop',1899.99,1,'hp.png'),(23,'334d1661e65444208f06b9bcd8c4b3bc','HP Laptop 4','This is a good laptop',1899.99,1,'hp.png'),(24,'f02a6c36f19644feb4e5089eeb0fa992','HP Laptop 5','This is a good laptop',1899.99,1,'hp.png'),(25,'8acb8cb701434ca49f766932062e2e0f','HP Laptop 6','This is a good laptop',1899.99,1,'hp.png'),(26,'fe75b9df82824c5b86fa097fc61b8733','HP Laptop 7','This is a good laptop',1899.99,1,'hp.png'),(27,'b4873884807344aebab1a5969d1cd125','HP Laptop 8','This is a good laptop',1899.99,1,'hp.png'),(28,'9c52c966e00f455a8ceeaf6d933f77eb','HP Laptop 9','This is a good laptop',1899.99,1,'hp.png'),(29,'fa391a202a6d45e89ea0b3c018d170e2','HP Laptop 10','This is a good laptop',1899.99,1,'hp.png'),(30,'b2f3f9625e5b4616973cc6dbce1d2bbb','HP Laptop 11','This is a good laptop',1899.99,1,'hp.png');

/* Import purchase statuses */
INSERT INTO `purchase_status` (id, status_name) VALUES (1,'receive_request'),(2,'waiting_for_paymenet'),(3,'payed'),(4,'shipping'),(5,'shipped'),(6,'completed');

/* Import purchases */
INSERT INTO `purchase` (id, fk_purchase_user, purchase_timestamp, fk_purchase_purchase_status) VALUES (12,65,'2021-11-02 22:14:28',6),(13,66,'2021-11-02 22:14:28',3),(14,67,'2021-11-02 22:14:28',4),(15,65,'2021-11-02 22:14:28',2),(16,66,'2021-11-02 22:14:28',6),(17,67,'2021-11-02 22:14:28',6),(18,65,'2021-11-02 22:14:28',6),(19,65,'2021-11-02 22:14:28',6),(20,66,'2021-11-02 22:14:28',6),(21,67,'2021-11-02 22:14:28',6),(22,65,'2021-11-02 22:14:28',6),(23,66,'2021-11-02 22:14:28',1),(24,67,'2021-11-02 22:49:46',6),(25,65,'2022-01-03 19:54:08',6),(29,66,'2022-05-01 14:44:04',1),(30,67,'2022-05-01 14:44:39',2),(31,65,'2022-05-01 17:49:08',6),(32,66,'2022-05-01 17:49:14',4),(33,67,'2022-05-01 17:50:41',4),(34,65,'2022-05-01 17:50:52',6),(35,66,'2022-05-01 19:41:06',6),(36,67,'2022-05-02 17:53:20',2),(37,65,'2022-05-03 16:38:24',6),(38,66,'2022-05-03 17:25:04',6),(39,67,'2022-05-04 17:11:13',6),(40,65,'2022-05-04 17:16:39',6),(41,66,'2022-05-06 14:12:47',1),(42,67,'2022-07-02 21:28:24',1),(43,65,'2022-07-02 21:31:55',1),(44,66,'2022-07-02 21:32:10',1),(45,67,'2022-07-02 21:36:20',1),(46,65,'2022-07-02 21:41:20',1);

/* Import purchase-product */
INSERT INTO `purchase_product` (purchase_id, product_id) VALUES (12,1),(12,2),(12,3),(13,1),(13,4),(14,2),(15,1),(15,6),(15,1),(16,2),(17,2),(18,1),(19,2),(20,6),(21,4),(22,3),(23,3),(24,1),(24,1),(24,2),(25,3),(29,4),(29,1),(30,4),(31,1),(31,2),(31,3),(32,1),(32,2),(32,3),(33,1),(33,2),(33,3),(34,1),(34,2),(34,3),(35,1),(36,4),(37,1),(38,1),(39,1),(40,1),(41,1),(42,1),(46,1);


